
{
    "articles": [
        { "url": "https://uk.reuters.com/article/british-politician--idUKKCN1UH15Y" },
        { "url": "https://reuters.com/article/some-other-article1234563" }
    ],
    "facts": [
        {
            "entities": [
                { "id": "1234", "name": "Charlie Elphicke", "confidence": 0.7 },
                { "id": "3434", "name": "Charlie Elphicke", "confidence": 0.6 }
            ],
            "risk": { "uri": "http://news.graph.link/facttype/non_corporate_crime/other_non_corporate/illegal_weapons" }
        },
        {
            "entities": [
                { "id": "9999", "name": "John Smith", "confidence": 0.7 },
                { "id": "8888", "name": "John Smith", "confidence": 0.6 }
            ],
            "risk": { "uri": "http://news.graph.link/facttype/non_corporate_crime/other_non_corporate/sex_offence" }
        }
    ]
}
